title,definition,explanation,details,example,keywords
Python,"Python is a high-level interpreted programming language.",
"Python is one of the most popular programming languages in the world. It is known for its simple syntax and readability which makes it beginner friendly. It is widely used in multiple domains such as web development artificial intelligence machine learning data science automation and scripting. Python allows developers to write less code compared to other languages which increases productivity. It is dynamically typed and supports multiple programming paradigms including procedural object oriented and functional programming. Python has a large ecosystem of libraries which makes development faster and efficient.",
"FEATURES:
- Easy to learn and use
- Interpreted language
- Cross-platform support
- Large standard library
- Strong community support

ADVANTAGES:
- Simple and readable syntax
- Huge ecosystem of libraries
- Faster development cycle
- Versatile usage

DISADVANTAGES:
- Slower than compiled languages
- Higher memory consumption
- Not ideal for mobile apps

APPLICATIONS:
- Web development (Django Flask)
- Data science (Pandas NumPy)
- AI and ML (TensorFlow PyTorch)
- Automation and scripting

WORKING:
Python code is executed line by line using an interpreter. It first converts code into bytecode and then executes using Python Virtual Machine.

IN DEPTH:
Python uses indentation instead of braces which enforces clean coding practices. It supports modules and packages for better project organization.

REAL WORLD USAGE:
Used by companies like Google Netflix Instagram and YouTube.

SUMMARY:
Python is a powerful general purpose programming language used across industries.",
"Example: print('Hello World')",
"python programming language coding scripting"

Java,"Java is a high-level object oriented programming language.",
"Java is one of the most widely used programming languages in enterprise level applications. It is known for its platform independence meaning that code written once can run anywhere using the Java Virtual Machine. Java follows strict object oriented principles such as encapsulation inheritance and polymorphism which helps in building scalable and maintainable applications. It is widely used in Android development backend systems and large scale distributed systems.",
"FEATURES:
- Object oriented
- Platform independent
- Secure and robust
- Multithreading support
- Automatic memory management

ADVANTAGES:
- Write once run anywhere
- Strong community support
- High security features
- Scalable for large systems

DISADVANTAGES:
- Verbose syntax
- Slower than C/C++
- Requires JVM

APPLICATIONS:
- Android applications
- Enterprise backend systems
- Web applications
- Banking systems

WORKING:
Java code is compiled into bytecode which runs on JVM making it platform independent.

IN DEPTH:
Java uses garbage collection for memory management and provides strong type checking.

REAL WORLD USAGE:
Used by companies like Amazon Oracle and LinkedIn.

SUMMARY:
Java is a powerful enterprise level programming language.",
"Example: System.out.println('Hello');",
"java programming oops backend"

Operating System,"Operating System is system software that manages hardware and software resources.",
"An operating system acts as an interface between the user and the computer hardware. It manages all system resources including CPU memory storage and input output devices. It ensures smooth execution of programs and allows multiple applications to run simultaneously without conflict. It plays a crucial role in system performance and stability.",
"FEATURES:
- Process management
- Memory management
- File system management
- Device management
- Security and access control

TYPES:
- Batch operating system
- Time sharing operating system
- Distributed operating system
- Real time operating system

ADVANTAGES:
- Efficient resource management
- Multitasking capability
- User friendly interface

DISADVANTAGES:
- Complex design
- Security risks

APPLICATIONS:
- Personal computers
- Servers
- Mobile devices

WORKING:
The OS schedules processes allocates memory and manages hardware resources.

IN DEPTH:
Uses scheduling algorithms like FCFS and Round Robin for process execution.

REAL WORLD USAGE:
Examples include Windows Linux and macOS.

SUMMARY:
Operating system is essential for functioning of any computer.",
"Example: Windows manages running applications",
"os system software"

DBMS,"Database Management System is software used to manage databases.",
"DBMS provides a structured way to store retrieve and manage data efficiently. It ensures data consistency security and integrity. It allows multiple users to access data simultaneously while maintaining accuracy. It is widely used in applications such as banking systems e-commerce platforms and enterprise software.",
"FEATURES:
- Data storage and retrieval
- Query processing
- Security and authorization
- Backup and recovery
- Concurrency control

ADVANTAGES:
- Reduces redundancy
- Improves data consistency
- Provides security

DISADVANTAGES:
- High cost
- Complexity

TYPES:
- Relational DBMS
- NoSQL DBMS
- Hierarchical DBMS

APPLICATIONS:
- Banking systems
- E-commerce platforms
- Enterprise applications

WORKING:
DBMS uses SQL queries to interact with data and manages transactions.

IN DEPTH:
Implements normalization indexing and ACID properties.

REAL WORLD USAGE:
Examples include MySQL Oracle PostgreSQL.

SUMMARY:
DBMS is essential for managing structured data.",
"Example: SELECT * FROM users;",
"dbms database sql management"

Machine Learning,"Machine Learning is a subset of artificial intelligence.",
"Machine learning allows systems to learn from data and improve performance without being explicitly programmed. It uses algorithms to identify patterns and make predictions. It is widely used in recommendation systems fraud detection and predictive analytics.",
"FEATURES:
- Data driven learning
- Pattern recognition
- Predictive modeling

TYPES:
- Supervised learning
- Unsupervised learning
- Reinforcement learning

ADVANTAGES:
- Automation of tasks
- Improved accuracy
- Handles large data

DISADVANTAGES:
- Requires large datasets
- High computational cost

APPLICATIONS:
- Recommendation systems
- Image recognition
- Fraud detection

WORKING:
ML models are trained on data and then used for predictions.

IN DEPTH:
Uses algorithms like regression classification clustering.

REAL WORLD USAGE:
Used in Netflix recommendations Google search and self driving cars.

SUMMARY:
Machine learning is transforming industries.",
"Example: Spam email detection",
"machine learning ai data"

Data Structures,"Data Structures are ways of organizing and storing data efficiently.","Data structures are fundamental concepts in computer science that allow efficient storage organization and retrieval of data. They are essential for writing optimized algorithms and improving performance of applications. Different data structures are used depending on the requirement such as fast access insertion deletion or memory efficiency. Understanding data structures is crucial for solving complex computational problems.",
"FEATURES:
- Efficient data organization
- Improves performance
- Supports various operations

TYPES:
- Linear (Array Linked List Stack Queue)
- Non-linear (Tree Graph)

ADVANTAGES:
- Optimized memory usage
- Faster data access
- Better algorithm design

DISADVANTAGES:
- Complexity in implementation
- Requires proper understanding

APPLICATIONS:
- Database indexing
- Operating systems
- AI algorithms

WORKING:
Data structures store and organize data in a way that operations can be performed efficiently.

IN DEPTH:
Choosing the right data structure directly impacts algorithm efficiency.

REAL WORLD USAGE:
Used in search engines databases and compilers.

SUMMARY:
Data structures are the backbone of efficient programming.",
"Example: Stack push pop operations",
"data structures algorithms ds"

Algorithms,"Algorithms are step by step procedures to solve problems.","Algorithms define a sequence of steps to perform a task or solve a problem. They are essential in computer science for designing efficient solutions. Algorithms can be simple like searching or complex like machine learning models. Efficiency of an algorithm is measured using time and space complexity.",
"FEATURES:
- Step by step execution
- Finite instructions
- Deterministic output

TYPES:
- Searching algorithms
- Sorting algorithms
- Graph algorithms

ADVANTAGES:
- Efficient problem solving
- Reusable logic
- Performance optimization

DISADVANTAGES:
- Complex for large problems
- Requires analysis

APPLICATIONS:
- Search engines
- Navigation systems
- Data processing

WORKING:
Algorithm takes input processes it and produces output.

IN DEPTH:
Complexity analysis helps in choosing best algorithm.

REAL WORLD USAGE:
Used in Google search maps and recommendation systems.

SUMMARY:
Algorithms are core of problem solving in computing.",
"Example: Binary search algorithm",
"algorithms problem solving"

Computer Networks,"Computer Networks connect multiple devices for communication.","Computer networks enable devices to share data and resources through wired or wireless connections. They form the backbone of the internet and allow communication between computers globally. Networks use protocols to ensure proper data transmission and reliability.",
"FEATURES:
- Resource sharing
- Communication
- Scalability

TYPES:
- LAN WAN MAN
- Wired and Wireless

ADVANTAGES:
- Fast communication
- Resource sharing
- Centralized control

DISADVANTAGES:
- Security risks
- Maintenance cost

APPLICATIONS:
- Internet
- Email systems
- File sharing

WORKING:
Data is transmitted in packets using protocols like TCP/IP.

IN DEPTH:
Routing and switching ensure efficient data transfer.

REAL WORLD USAGE:
Used in internet banking social media and cloud services.

SUMMARY:
Computer networks are essential for modern communication.",
"Example: Sending email over internet",
"networking internet communication"

Cyber Security,"Cyber Security protects systems from digital attacks.","Cyber security involves protecting systems networks and data from unauthorized access attacks and damage. It is essential in today's digital world where cyber threats are increasing rapidly. It includes various techniques like encryption firewalls and authentication mechanisms.",
"FEATURES:
- Data protection
- Threat detection
- Access control

TYPES:
- Network security
- Application security
- Information security

ADVANTAGES:
- Protects sensitive data
- Prevents cyber attacks
- Ensures privacy

DISADVANTAGES:
- High cost
- Complex implementation

APPLICATIONS:
- Banking systems
- Government systems
- Online platforms

WORKING:
Security systems monitor detect and prevent threats.

IN DEPTH:
Uses encryption authentication and firewalls.

REAL WORLD USAGE:
Used in secure payments and online transactions.

SUMMARY:
Cyber security is critical for protecting digital assets.",
"Example: Firewall blocking attacks",
"cyber security protection"

Cloud Computing,"Cloud Computing provides computing services over the internet.","Cloud computing allows users to access computing resources such as servers storage databases and applications over the internet without owning physical hardware. It enables scalability flexibility and cost efficiency making it widely used in modern applications.",
"FEATURES:
- On-demand services
- Scalability
- Remote access

TYPES:
- IaaS PaaS SaaS

ADVANTAGES:
- Cost effective
- Flexible
- Scalable

DISADVANTAGES:
- Internet dependency
- Security concerns

APPLICATIONS:
- Online storage
- Web hosting
- Data backup

WORKING:
Resources are hosted on remote servers and accessed via internet.

IN DEPTH:
Uses virtualization to manage resources efficiently.

REAL WORLD USAGE:
Used by AWS Google Cloud and Microsoft Azure.

SUMMARY:
Cloud computing is transforming IT infrastructure.",
"Example: Google Drive storage",
"cloud computing storage internet"

Artificial Intelligence,"Artificial Intelligence is the simulation of human intelligence in machines.","Artificial Intelligence enables machines to mimic human behavior such as learning reasoning and decision making. It is one of the most advanced fields in computer science and is widely used in automation robotics and data analysis. AI systems can process large amounts of data and make intelligent decisions based on patterns and logic.",
"FEATURES:
- Learning capability
- Decision making
- Problem solving

TYPES:
- Narrow AI
- General AI
- Super AI

ADVANTAGES:
- Automation of tasks
- Increased efficiency
- Reduces human error

DISADVANTAGES:
- High development cost
- Ethical concerns

APPLICATIONS:
- Chatbots
- Self-driving cars
- Recommendation systems

WORKING:
AI systems use algorithms and data to simulate human intelligence.

IN DEPTH:
Uses machine learning neural networks and deep learning techniques.

REAL WORLD USAGE:
Used in Google Assistant Alexa and autonomous vehicles.

SUMMARY:
AI is transforming industries and future technologies.",
"Example: Chatbot answering questions",
"ai artificial intelligence"

Software Engineering,"Software Engineering is the systematic development of software.","It involves designing developing testing and maintaining software applications using engineering principles. It ensures that software is reliable efficient and meets user requirements. It focuses on structured development and proper documentation.",
"FEATURES:
- Systematic approach
- Quality assurance
- Documentation

MODELS:
- Waterfall
- Agile
- Spiral

ADVANTAGES:
- Better quality software
- Organized development
- Easier maintenance

DISADVANTAGES:
- Time consuming
- Requires planning

APPLICATIONS:
- Application development
- System design

WORKING:
Software is developed through phases like requirement design coding testing.

IN DEPTH:
Uses methodologies to ensure project success.

REAL WORLD USAGE:
Used in development of apps websites and enterprise systems.

SUMMARY:
Software engineering ensures efficient software development.",
"Example: Developing a web app",
"software engineering development"

Web Development,"Web Development is the process of building websites and web applications.","It involves creating and maintaining websites using technologies like HTML CSS and JavaScript. Web development can be divided into frontend backend and full stack development. It plays a crucial role in building modern web applications.",
"FEATURES:
- Interactive interfaces
- Dynamic content
- Responsive design

TYPES:
- Frontend development
- Backend development
- Full stack development

ADVANTAGES:
- Global reach
- Interactive platforms
- Business growth

DISADVANTAGES:
- Security risks
- Continuous updates needed

APPLICATIONS:
- Websites
- Web apps
- E-commerce platforms

WORKING:
Frontend handles UI backend handles server logic and database.

IN DEPTH:
Uses frameworks like React Angular and Node.js.

REAL WORLD USAGE:
Used in platforms like Amazon Facebook and YouTube.

SUMMARY:
Web development powers the internet.",
"Example: Creating a website using HTML CSS JS",
"web development frontend backend"

Computer Graphics,"Computer Graphics is the creation of visual content using computers.","It involves generating images animations and visual effects using algorithms and software. It is widely used in gaming movies simulations and design. It enhances visual experience and user interaction.",
"FEATURES:
- Image rendering
- Animation
- Visual effects

TYPES:
- 2D graphics
- 3D graphics

ADVANTAGES:
- Realistic visuals
- Better user experience

DISADVANTAGES:
- High processing power
- Complex algorithms

APPLICATIONS:
- Video games
- Movies
- Simulations

WORKING:
Uses mathematical models to render images.

IN DEPTH:
Includes rendering shading and transformations.

REAL WORLD USAGE:
Used in movies games and virtual reality.

SUMMARY:
Computer graphics enhances digital visuals.",
"Example: 3D animation in games",
"computer graphics visual"

Data Mining,"Data Mining is the process of extracting useful patterns from data.","It involves analyzing large datasets to discover patterns trends and relationships. It is widely used in business intelligence marketing and research. It helps in making data driven decisions.",
"FEATURES:
- Pattern discovery
- Data analysis
- Predictive modeling

TECHNIQUES:
- Classification
- Clustering
- Association rules

ADVANTAGES:
- Better decision making
- Identifies trends
- Improves efficiency

DISADVANTAGES:
- Privacy issues
- Requires large data

APPLICATIONS:
- Market analysis
- Fraud detection
- Recommendation systems

WORKING:
Uses algorithms to analyze and extract patterns from data.

IN DEPTH:
Combines statistics machine learning and databases.

REAL WORLD USAGE:
Used in banking e-commerce and marketing.

SUMMARY:
Data mining helps in extracting valuable insights from data.",
"Example: Customer buying patterns",
"data mining analytics"

Database,"Database is an organized collection of structured data.","A database is used to store manage and retrieve data efficiently. It allows users to access data in a structured format and supports multiple operations like insertion deletion and updating of records. Databases are essential for modern applications such as banking systems social media platforms and enterprise software.",
"FEATURES:
- Structured data storage
- Efficient retrieval
- Data integrity

TYPES:
- Relational databases
- NoSQL databases
- Distributed databases

ADVANTAGES:
- Organized data management
- Fast data access
- Reduces redundancy

DISADVANTAGES:
- Complex setup
- Requires maintenance

APPLICATIONS:
- Banking systems
- E-commerce platforms
- Social media

WORKING:
Data is stored in tables and accessed using queries.

IN DEPTH:
Uses indexing normalization and relationships for efficiency.

REAL WORLD USAGE:
Used in MySQL MongoDB and Oracle systems.

SUMMARY:
Database is essential for managing structured information.",
"Example: Storing user records",
"database storage data"

SQL,"SQL is a language used to manage and query databases.","Structured Query Language is used to interact with databases by performing operations like retrieving inserting updating and deleting data. It is widely used in relational database systems and is essential for backend development and data analysis.",
"FEATURES:
- Querying data
- Data manipulation
- Data definition

COMMANDS:
- SELECT
- INSERT
- UPDATE
- DELETE

ADVANTAGES:
- Easy to learn
- Powerful querying
- Standardized language

DISADVANTAGES:
- Limited for complex logic
- Performance issues with large data

APPLICATIONS:
- Database management
- Data analysis
- Backend systems

WORKING:
SQL queries are executed by database engines to manipulate data.

IN DEPTH:
Supports joins indexing and transactions.

REAL WORLD USAGE:
Used in MySQL PostgreSQL and SQL Server.

SUMMARY:
SQL is essential for interacting with relational databases.",
"Example: SELECT * FROM users;",
"sql database query"

Compiler,"Compiler is a program that translates high level code into machine code.","A compiler converts source code written in high level programming languages into machine code so that it can be executed by a computer. It improves performance by optimizing code and detecting errors during compilation.",
"FEATURES:
- Code translation
- Error detection
- Optimization

PHASES:
- Lexical analysis
- Syntax analysis
- Semantic analysis
- Code generation

ADVANTAGES:
- Faster execution
- Error detection before runtime

DISADVANTAGES:
- Compilation time
- Complex design

APPLICATIONS:
- Programming languages
- Software development tools

WORKING:
Source code is processed in multiple phases to generate machine code.

IN DEPTH:
Uses parsing techniques and symbol tables.

REAL WORLD USAGE:
Used in compilers like GCC and Java compiler.

SUMMARY:
Compiler is essential for executing high level programs.",
"Example: Compiling C program",
"compiler programming"

Interpreter,"Interpreter executes code line by line.","An interpreter translates and executes code one line at a time without converting it into machine code beforehand. It is slower than compilers but useful for debugging and rapid development.",
"FEATURES:
- Line by line execution
- Immediate output
- Easy debugging

ADVANTAGES:
- Faster development
- Platform independent

DISADVANTAGES:
- Slower execution
- Less optimization

APPLICATIONS:
- Scripting languages
- Debugging tools

WORKING:
Reads code line by line and executes instantly.

IN DEPTH:
Does not generate intermediate code like compilers.

REAL WORLD USAGE:
Used in Python JavaScript and Ruby.

SUMMARY:
Interpreter is useful for quick execution and testing.",
"Example: Running Python script",
"interpreter execution"

Big O Notation,"Big O Notation measures algorithm complexity.","Big O notation is used to describe the performance of an algorithm in terms of time and space complexity. It helps in analyzing how an algorithm scales with input size and is essential for choosing efficient solutions.",
"FEATURES:
- Measures efficiency
- Predicts performance
- Helps comparison

TYPES:
- O(1) constant
- O(n) linear
- O(log n) logarithmic
- O(n^2) quadratic

ADVANTAGES:
- Helps optimize algorithms
- Improves performance analysis

DISADVANTAGES:
- Ignores constants
- Abstract representation

APPLICATIONS:
- Algorithm design
- Performance analysis

WORKING:
Evaluates growth rate of operations as input increases.

IN DEPTH:
Focuses on worst case complexity.

REAL WORLD USAGE:
Used in software optimization and system design.

SUMMARY:
Big O notation is essential for efficient programming.",
"Example: Binary search O(log n)",
"big o complexity"